{
  "faithfulness": 0.9333333333333332,
  "context_precision": 0.9999999999,
  "context_recall": 1.0
}