{
  "faithfulness": 0.0,
  "context_precision": 0.9999999999,
  "context_recall": 0.5833333333333334
}